cenario,valor_esperado,mediana,var_5,var_95,multiplo_med,prob_3x,prob_10x,prob_perda
Base,5016068693.141773,4967710111.26518,4338664464.595865,5825006833.092702,2.4888327210747394,0.0288,0.0,0.0
Recessão,1152778015.304344,1151484623.0391374,1034780787.9866743,1280735615.537957,0.5768961037270227,0.0,0.0,1.0
Boom,15481698142.680593,15100977150.823837,12532123572.882498,19637118928.928032,7.565619815042003,1.0,0.0432,0.0
